word,frequency
the,6383
and,3142
was,2662
to,1938
of,1226
in,1186
room,971
is,962
location,952
hotel,904
not,848
were,841
staff,836
with,717
very,716
for,680
it,677
rooms,578
clean,476
at,445
breakfast,441
from,429
we,377
good,370
my,369
stay,344
also,343
had,333
are,333
that,330
as,330
service,327
there,322
be,321
but,305
on,293
friendly,288
they,280
great,275
comfortable,272
this,270
all,257
have,251
no,246
helpful,246
could,246
which,242
you,234
its,227
close,224
quite,209
city,207
small,206
our,196
an,195
wifi,184
so,182
bathroom,181
noise,178
or,171
attractions,170
bed,167
nice,165
bit,155
didnt,151
excellent,148
convenient,148
only,146
some,146
would,143
well,136
made,136
food,135
night,134
experience,133
by,130
spacious,129
when,128
if,126
one,123
during,122
variety,122
central,120
up,119
really,119
options,116
extremely,115
easy,114
located,113
too,112
did,112
nothing,112
more,111
out,110
just,110
hotels,109
me,108
shower,106
many,106
station,106
even,105
overall,105
us,105
can,105
poor,104
like,104
modern,102
get,101
amenities,100
sleep,100
perfect,99
near,96
street,95
their,94
water,94
any,94
restaurants,93
day,93
making,91
cleanliness,91
restaurant,91
area,90
around,88
work,87
old,87
everything,87
other,86
place,86
right,85
time,85
about,83
price,83
access,83
than,82
air,82
center,82
heart,80
has,80
facilities,79
customer,79
distance,79
seemed,77
fantastic,77
reception,77
lot,75
much,75
after,74
view,74
little,74
slow,74
disappointing,73
walk,73
provided,73
walking,72
beds,72
however,72
major,71
always,70
use,69
limited,69
recommend,68
uncomfortable,68
wasnt,67
bar,67
what,66
front,66
desk,65
need,65
airport,65
nearby,65
pool,65
times,64
noisy,63
connection,63
within,63
been,63
metro,62
help,62
outdated,62
issue,61
being,60
difficult,59
issues,59
better,59
properly,58
expected,58
smell,57
local,57
quality,56
parking,56
english,55
nights,55
paris,55
unfortunately,55
far,54
conditioning,54
next,54
every,54
floor,53
do,53
welcoming,53
left,53
most,53
them,52
cleaned,52
due,52
will,52
incredibly,51
lack,51
working,50
money,50
offered,50
felt,50
delicious,50
bad,50
dont,50
while,49
hot,49
shopping,49
public,49
beijing,48
proximity,48
found,48
quiet,48
guests,48
enough,48
amazing,48
available,48
stayed,47
way,47
check,46
lobby,46
hostel,46
top,46
people,46
long,45
new,45
because,45
again,45
morning,44
your,44
downside,44
find,44
short,44
asked,44
additionally,44
best,44
checkin,44
ac,43
feel,43
hard,43
main,43
madrid,43
buffet,43
basic,43
needs,43
here,42
dirty,42
several,42
tourist,42
hear,42
definitely,41
lacked,41
free,41
outside,40
dining,40
furniture,40
where,40
should,40
courteous,40
accommodating,40
berlin,40
walls,40
shops,40
coffee,39
especially,39
couldnt,39
toilet,39
delhi,39
am,38
big,38
beautiful,38
lovely,38
rooftop,38
attentive,38
despite,38
train,38
design,38
warm,37
seoul,37
space,37
early,37
high,37
make,37
selection,37
away,37
ready,37
wonderful,36
although,36
lacking,36
needed,36
two,36
though,36
size,36
loud,35
conveniently,35
standard,35
back,35
minor,35
rather,34
these,34
towels,34
such,34
provide,34
decor,34
property,34
below,34
value,33
booked,33
polite,33
desired,33
another,33
particularly,33
dust,33
inside,33
places,33
sightseeing,33
expectations,33
services,33
told,33
still,33
level,33
subpar,33
transportation,33
cant,32
worth,32
rude,32
pay,32
days,32
off,32
views,32
window,32
hours,32
lastly,32
first,32
door,32
often,32
few,32
areas,32
internet,31
bucharest,31
professional,31
before,31
town,31
ankara,31
assist,30
providing,30
inconsistent,30
took,30
cold,30
super,30
exploring,30
lots,30
who,30
broken,30
washington,29
come,29
superb,29
then,29
building,29
dated,29
improved,28
how,28
subway,28
topnotch,28
same,28
he,28
extra,28
exceptional,28
anything,28
maintained,28
minutes,28
upon,28
menu,28
pleasant,28
both,28
centrally,28
wellmaintained,28
open,28
plus,27
kind,27
arrival,27
choice,27
given,27
said,27
having,27
down,27
offers,27
staying,27
atmosphere,27
over,27
say,27
housekeeping,27
busy,27
less,27
go,26
requests,26
enjoyed,26
loved,26
paid,26
problem,26
went,26
fridge,26
take,26
transport,26
think,26
put,26
offering,26
got,26
served,26
ideal,26
she,26
decent,26
included,26
large,26
impossible,26
cleaning,25
something,25
booking,25
international,25
seem,25
almost,25
appreciated,25
late,24
renovation,24
kept,24
expensive,24
significant,24
luggage,24
arrived,24
thing,24
furthermore,24
barely,24
pretty,23
elevator,23
soundproofing,23
into,23
unhelpful,23
absolutely,23
liked,23
disappointed,23
worn,23
tv,23
want,23
stunning,22
rome,22
communication,22
might,22
comfort,22
inn,22
truly,22
centre,22
going,22
sound,22
delightful,22
situated,22
until,22
came,22
staffs,21
myeongdong,21
point,21
thats,21
sheets,21
doesnt,21
checked,21
without,21
does,21
decorated,21
dark,21
speak,21
stains,21
light,21
cramped,21
moreover,21
rest,21
popular,21
prime,21
makes,20
throughout,20
sure,20
itself,20
carpet,20
windows,20
tiny,20
designed,20
since,20
unreliable,20
expect,20
fresh,20
system,20
